Language_ISO639;tr
  Author_Email;BouRock@live.com
  Author_Name;Burak Yavuz (BouRock)
  Author_OldNames;İlk ve tek çevirmen
  Language_Name;Türkçe
  Config_Text_ColumnSize;40
  Config_Text_Separator; :
  Config_Text_NumberTag; #
  Config_Text_FloatSeparator;.
  Config_Text_ThousandsSeparator; 
 audio stream1; seslendirme akışı
 audio stream2; seslendirme akışı
 audio stream3; seslendirme akışı
 bit1; bit
 bit2; bit
 bit3; bit
 Bps; B/s
 bps; b/s
 Byte1; Bayt
 Byte2; Bayt
 Byte3; Bayt
 channel1; kanal
 channel2; kanal
 channel3; kanal
 chapter1; bölüm
 chapter2; bölüm
 chapter3; bölüm
 chapters stream1; bölüm akışı
 chapters stream2; bölüm akışı
 chapters stream3; bölüm akışı
 character1; karakter
 character2; karakter
 character3; karakter
 day1; gün
 day2; gün
 day3; gün
 dB0;
 dB1; dB
 dB2; dB
 dB3; dB
 file1; dosya
 file2; dosya
 file3; dosya
 fps1; FPS
 fps2; FPS
 fps3; FPS
 frame1; kare
 frame2; kare
 frame3; kare
 GB; GB
 Gb; Gb
 GBps; GB/s
 Gbps; Gb/s
 GHz; GHz
 GiB; GiB
 GibiByte1; GibiBayt
 GibiByte2; GibiBayt
 GibiByte3; GibiBayt
 GiBps; GiB/s
 GigaBit1; GigaBit
 GigaBit2; GigaBit
 GigaBit3; GigaBit
 GigaByte1; GigaBayt
 GigaByte2; GigaBayt
 GigaByte3; GigaBayt
 hour1; saat
 hour2; saat
 hour3; saat
 Hz; Hz
 image stream1; resim akışı
 image stream2; resim akışı
 image stream3; resim akışı
 KB; kB
 Kb; kb
 KBps; kB/s
 Kbps; kb/s
 KHz; kHz
 KiB; KiB
 KibiBit1; KibiBit
 KibiBit2; KibiBit
 KibiBit3; KibiBit
 KibiByte1; KibiBayt
 KibiByte2; KibiBayt
 KibiByte3; KibiBayt
 KiBps; KiB/s
 KiloBit1; KiloBit
 KiloBit2; KiloBit
 KiloBit3; KiloBit
 KiloByte1; KiloBayt
 KiloByte2; KiloBayt
 KiloByte3; KiloBayt
 MB; MB
 Mb; Mb
 MBps; MB/s
 Mbps; Mb/s
 MebiBit1; MebiBit
 MebiBit2; MebiBit
 MebiBit3; MebiBit
 MebiByte1; MebiBayt
 MebiByte2; MebiBayt
 MebiByte3; MebiBayt
 MegaBit1; MegaBit
 MegaBit2; MegaBit
 MegaBit3; MegaBit
 MegaByte1; MegaBayt
 MegaByte2; MegaBayt
 MegaByte3; MegaBayt
 MHz; MHz
 MiB; MiB
 Mib; Mib
 MiBps; MiB/s
 millisecond1; milisaniye
 millisecond2; milisaniye
 millisecond3; milisaniye
 minute1; dakika
 minute2; dakika
 minute3; dakika
 month1; ay
 month2; ay
 month3; ay
 object1; nesne
 object2; nesne
 object3; nesne
 pixel1; piksel
 pixel2; piksel
 pixel3; piksel
 second1; saniye
 second2; saniye
 second3; saniye
 slice per frame1; kare başına dilim
 slice per frame2; kare başına dilim
 slice per frame3; kare başına dilim
 text stream1; yazı akışı
 text stream2; yazı akışı
 text stream3; yazı akışı
 video frames1; görüntü karesi
 video frames2; görüntü karesi
 video frames3; görüntü karesi
 video stream1; görüntü akışı
 video stream2; görüntü akışı
 video stream3; görüntü akışı
 warppoint0;Sapma noktası yok
 warppoint1; sapma noktası
 warppoint2; sapma noktası
 warppoint3; sapma noktası
 week1; hafta
 week2; hafta
 week3; hafta
 year1; yıl
 year2; yıl
 year3; yıl
, ;, 
: ;: 
3D;3B
3DType;3B Türü
5.1.2ch;5.1.2 kanal
5.1.4ch;5.1.4 kanal
5.1ch;5.1 kanal
608_Mode;608 Kipi
7.1.2ch;7.1.2 kanal
7.1ch;7.1 kanal
About;Hakkında
About_Hint;Bana nasıl ulaşacak ve son sürümü nasıl bulacaksınız
AC3_Metadata;AC3 Üst Verisi
Accompaniment;Eşlik eden
acmod;AC modu
Active_DisplayAspectRatio;Etkin Görüntü En-Boy Oranı
Active_Height;Etkin Yükseklik
Active_Width;Etkin Genişlik
ActiveFormatDescription;Etkin Biçim Açıklaması
ActiveFormatDescription_MuxingMode;Etkin Biçim Açıklaması, Çoklama kipi
Actor;Oyuncu
Actor_Character;Oynayan karakter
Add creation date to text output;Metin çıktısına oluşturma tarihini ekle
Add version to text output;Metin çıktısına sürümü ekle
Added_Date;Eklenme tarihi
Address;Adres
AdID;Ad-ID tanımlayıcı
ADM: Show ChannelFormats;ADM: Kanal Biçimlerini Göster
ADM: Show TrackUIDs;ADM: İz UID'lerini Göster
AdmProfile;ADM Profili
Advanced mode -->;Gelişmiş kip -->
Advanced mode;Gelişmiş kip
Advanced;Gelişmiş
Album;Albüm
Album_ReplayGain_Gain;Albüm tekrar çalma kazancı
Album_ReplayGain_Peak;Albüm tekrar çalma kazanç ucu
Alignment;Hizalama
Alignment_Aligned;Boşluklarda sıraya dizilmiş
Alignment_Split;Boşlukları karşılıklı böl
All;Tümü
AllFields;Tüm Alanlar
AlternateGroup;Dönüşümlü grup
AnalyzeServicesMenu;Hizmet Menülerini Analiz Et
App_About;MediaInfo hakkında
App_Hide;MediaInfo’i Gizle
App_Quit;MediaInfo’dan Çık
Archival_Location;Arşiv konumu
Arranger;Düzenleyici
ArtDirector;Sanat Yönetmeni
AspectRatio;En-Boy oranı
AssistantDirector;Yardımcı Yönetmen
AssociatedVideo_FrameRate;İlişkili Video Kare Hızı
At least one file;(En az bir dosya açmak zorundasınız)
at;de
Attachments;Ekler
Audio stream(s);Seslendirme akışı
Audio;Ses
Audio_Channels_Total;Toplam Ses Kanalı
Audio_Codec_List;Ses kodekleri
Audio_Format_List;Ses Biçimleri Listesi
Audio_Format_WithHint_List;İpucu ile Ses Biçimleri Listesi
Audio_Language_List;Ses Dilleri Listesi
Audio_No;Ses yok
Audio1;Birinci seslendirme
Audio2;İkinci seslendirme
Audio3;Üçüncü Ses
AudioComments;Ses Açıklamaları
AudioCount;Ses sayısı
AudioDescription;Ses Betimlemesi
AudioDescriptionPresent;Ses Açıklaması Sunumu
AudioDescriptionType;Ses Açıklaması Türü
AudioLoudnessStandard;Ses Yüksekliği Standartı
AudioRenderingIndication;Ses İşleme Göstergesi
AudioSceneInfoID;Ses Sahnesi Bilgi Kimliği
AudioTrackLayout;Ses İzi Düzeni
Author;Hazırlayan
Back4ToBack2;Arka4'ten Arka2'ye
Balance_FrontBackListener;Dinleyici Ön-Arka Dengesi
Balance_FrontBackOverheadFloor;Ön-Arka-Yer Dengesi
BarCode;BarKod
Basic;Temel
Basic_Note;Not : Bu dosya hakkında daha fazla bilgi için farklı görünüm seçmek zorundasınız (Sayfa, Ağaç...)
BedChannelConfiguration;Yatak kanalı yapılandırması
BedChannelCount;Yatak kanalı sayısı
BinauralRenderMode;Binaural İşleme Kipi
BitDepth;Bit derinliği
BitDepth_Detected;Algılanan bit derinliği
BitDepth_Stored;Saklanan bit derinliği
BitRate;Bit oranı
BitRate_Encoded;Kodlanmış bit oranı
BitRate_Maximum;En fazla bit oranı
BitRate_Minimum;En az bit oranı
BitRate_Mode;Bit oranı kipi
BitRate_Mode_CBR;Sabit
BitRate_Mode_VBR;Değişken
BitRate_Nominal;Düşük bit oranı
Bits-(Pixel*Frame);Bit/(Piksel*Kare)
BitstreamLevel;Bit Akışı Seviyesi
Bring All to Front;Tümünü En Öne Getir
bsid;bsid
BufferSize;Arabellek boyutu
Cancel;İptal
CaptionServiceName;Altyazı Hizmet Adı
CatalogNumber;Katalog Numarası
Channel(s);Kanal
Channel(s)_Original;Orijinal Kanal(lar)
ChannelCoded;Kodlanmış Kanal
ChannelConfiguration;Kanal Yapılandırması
ChannelFormat;Kanal Biçimi
ChannelLayout;Kanal düzeni
ChannelLayout_Original;Orijinal Kanal Düzeni
ChannelMode;Kanal Kipi
ChannelPositions;Kanal konumları
ChannelPositions_Original;Orijinal Kanal Konumları
Chapter(s);Bölüm
Chapters stream(s);Bölüm akışı
Chapters;Bölüm
Chapters_Codec_List;Bölüm Kodekleri
Chapters_No;Bölüm yok
Chapters_Pos_Begin;Bölüm Başlangıç Konumu
Chapters_Pos_End;Bölüm Bitiş Konumu
ChaptersCount;Bölüm sayısı
CharacterSet;Karakter Kümesi
CheckNewVersion;Yeni sürümü denetle
Choose custom sheet;İstediğiniz özel sayfayı seçin
Choose custom text;İstediğiniz özel metni seçin
Choose custom;Özel seçin
Choose export format;İstediğiniz dışarı aktarma biçimini seçin
Choose file(s);Açmak için dosya seçin
Choose filename;İstediğiniz dosya adını seçin
Choose language;İstediğiniz dili seçin
Choreographer;Koreograf
Chroma;Krom
ChromaSubsampling;Krom altörnekleme
Classifier;Sınıflandırıcı
ClearList;Listeyi Temizle
Close all before open;Açmadan önce tümünü kapat
Close;Kapat
CloseAll;Tümünü Kapat
ClosedCaptionsLanguage;Kapalı Açıklamalı Alt Yazı Dili
ClosedCaptionsPresent;Kapalı Açıklamalı Alt Yazı Sunumu
ClosedCaptionsType;Kapalı Açıklamalı Alt Yazı Türü
CloseFile;Dosyayı Kapat
CloseWindow;Pencereyi Kapat
cmixlev;cmixlev
Codec;Kodek
Codec_Description;Kodek açıklaması
Codec_Info;Kodek ayrıntıları
Codec_Profile;Kodek profili
Codec_Settings;Kodek ayarları
Codec_Settings_BVOP;Kodek ayarları, BVOP
Codec_Settings_CABAC;Kodek ayarları, CABAC
Codec_Settings_Endianness;Kodek ayarları, Endianness
Codec_Settings_Firm;Kodek ayarları, Firm
Codec_Settings_Floor;Kodek ayarları, Floor
Codec_Settings_GMC;Kodek ayarları, GMC
Codec_Settings_ITU;Kodek ayarları, ITU
Codec_Settings_Law;Kodek ayarları, Law
Codec_Settings_Matrix;Kodek ayarları, Matrix
Codec_Settings_PacketBitStream;Kodek ayarları, Paket bit akışı
Codec_Settings_QPel;Kodek ayarları, QPel
Codec_Settings_Sign;Kodek ayarları, Sign
Codec_Url;Kodek için web bağlantısı
CodecConfigurationBox;Kodek yapılandırma kutusu
CodecID;Kodek Kimliği
CodecID_Description;Kodek açıklaması
CoDirector;Yardımcı Yönetmen
Collection;Koleksiyon
Colorimetry;Renkölçüm
ColorSpace;Renk alanı
ColorTheme;Renk Teması
ColorTheme_Dark;Karanlık Tema
ColorTheme_Light;Aydınlık Tema
ColorTheme_System;Sistem Teması
colour_description_present;Renk Açıklaması Mevcut
colour_description_present_Source;Renk Açıklaması Mevcut, Kaynak
colour_primaries;Renk öncelikleri
colour_primaries_Source;Renk Öncelikleri, Kaynak
colour_range;Renk aralığı
colour_range_Source;Renk Aralığı, Kaynak
Comment;Yorum
CommissionedBy;Görevlendiren
Compare;Karşılaştır
CompareView;Karşılaştırma Görünümü
Compilation;Derleme
ComplementaryObject;Tamamlayıcı Nesne
CompleteName;Tam ad
CompletionDate;Tamamlama Tarihi
ComplexityIndex;Karmaşıklık indeksi
Composer;Besteci
Compression_Mode;Sıkıştırma kipi
Compression_Mode_Lossless;Kayıpsız
Compression_Mode_Lossy;Kayıplı
Compression_Ratio;Sıkıştırma oranı
comprprof;comprprof
Conductor;Orkestra şefi
ConformanceCheck;Uygunluk Denetimi
ConformanceErrors;Uygunluk Hataları
ConformanceInfos;Uygunluk Bilgileri
ConformanceWarnings;Uygunluk Uyarıları
ContactEmail;İletişim E-postası
ContactTelephoneNumber;İletişim Telefon Numarası
Container and general information;Kapsayıcı ve genel bilgiler
Content;İçerik
ContentType;İçerik Türü
CoProducer;Yardımcı yapımcı
Copy;Kopyala
Copyright;Telif Hakkı
CopyrightYear;Telif Hakkı Yılı
CostumeDesigner;Kıyafet tasarımcısı
Count;Sayım
Country;Ülke
Cover;Kapak
Cover_Datas;Kapak verileri
Cover_Description;Kapak açıklaması
Cover_Mime;Kapak MIME
Cover_Type;Kapak türü
CoverData;Kapak Verisi
CreatedOn;Oluşturulma Tarihi
Cropped;Kırpma boyutları
Custom;Özel
CustomDownmixTargets;Özel Downmix Hedefleri
Customize;Özelleştir
DarkMode;Karanlık Kip
Date;Tarih
Debug;Hata Ayıklama
Decimal point;Ondalık ayırıcı
Default translation;Varsayılan çeviri
Default;Varsayılan
Default_Setting;Varsayılan Ayar
DefaultTargetDeviceConfig;Varsayılan Hedef Cihaz Yapılandırması
DefaultView;Varsayılan Görünüm
Delay;Gecikme
Delay_Source;Gecikme, kaynağı
Delay_Source_Container;Kapsayıcı
Delay_Source_Stream;Ham akış
Delete;Sil
Description;Açıklama
Details;Ayrıntılar
dialnorm;diyalog normu
dialnorm_Average;Diyalog Normalleştirme, Ortalama
dialnorm_Count;Diyalog Normalleştirme, Sayı
dialnorm_Maximum;Diyalog Normalleştirme, Maksimum
dialnorm_Minimum;Diyalog Normalleştirme, Minimum
DialogueCorrected;Düzeltilmiş Diyalog
DialogueEnhancement;Diyalog Geliştirme
DialogueNormalization;Diyalog Normalleştirme
Digitized_Date;Sayısallaştırılmış tarih
Dimensions;Boyutlar
Director;Yönetmen
DirectorOfPhotography;Fotoğrafçılık yönetmeni
Disabled;Etkisizleştirildi
DisplayAspectRatio;Görüntü en-boy oranı
DisplayAspectRatio_CleanAperture;Temiz diyafram görüntüsü en-boy oranı
DisplayAspectRatio_Original;Orijinal görüntü en-boy oranı
DisplayCaptions;Altyazıları Göster
DisplayCaptions_Command;Altyazı Göster Komutu
DisplayCaptions_Content;Altyazı Göster İçeriği
DisplayCaptions_Stream;Altyazı Göster Akışı
DistributedBy;Dağıtan
Distributor;Dağıtıcı
Documents;Belgeler
Dolby_Atmos_Metadata;Dolby Atmos Üst Verisi
DolbyAtmos;Dolby Atmos
Donate;Bağış
DotsPerInch;İnç başına nokta
DownloadFile;Dosya İndir
DownloadFileError;Dosya İndirme Hatası
Downmix;Downmix
Downmix_5.1.x;5.1.x Downmix
Downmix_5to2;5'ten 2'ye Downmix
DrcSets_Count;DRC Kümeleri Sayısı
DrcSets_Effects;DRC Kümeleri Efektleri
Duration;Süre
Duration_End;Bitiş zamanı
Duration_End_Command;Bitiş Zamanı Komutu
Duration_Source;Süre Kaynağı
Duration_Start;Başlangıç zamanı
Duration_Start_Command;Başlangıç Zamanı Komutu
Duration_Start2End;Başlangıçtan Bitişe Süre
DynamicObject;Dinamik Nesne
DynamicRangeControl;Dinamik Aralık Kontrolü
dynrngprof;dynrngprof
Eac3DrcProfile;E-AC-3 DRC Profili
Edit;Düzenle
EditedBy;Düzenleyen
EditorialClassification;Editöryal Sınıflandırma
ElementaryStream;Temel Akış
ElementCount;Öğe sayısı
EMail;E-Posta
Enable FFmpeg plugin;FFmpeg eklentisini etkinleştir
Encoded_Application;Yazma uygulaması
Encoded_Application_Name;Kodlama Uygulaması Adı
Encoded_Application_Version;Kodlama Uygulaması Sürümü
Encoded_Date;Kodlanma tarihi
Encoded_Hardware;Kodlama Donanımı
Encoded_Library;Yazma kütüphanesi
Encoded_Library_Name;Kodlama Kütüphanesi Adı
Encoded_Library_Settings;Kodlama ayarları
Encoded_Library_Version;Kodlama Kütüphanesi Sürümü
Encoded_Original;Orijinal destek
EncodedBy;Kodlayan
EPG_Positions;EPG konumları (dahili)
EpisodeTitleNumber;Bölüm Başlık Numarası
Error;Hata
Error_File;Dosya okunurken hata
Error_File_Write;Dosya Yazma Hatası
Error_Open;Açma Hatası
Error_Save;Kaydetme Hatası
Events_MinDuration;Olaylar, En Az Süre
Events_PaintOn;Olaylar, Boyama
Events_PopOn;Olaylar, Açılır
Events_RollUp;Olaylar, Kaydırma
Events_Total;Toplam Olay
ExecutiveProducer;İdari yapımcı
Exit;Çıkış
Exit_Hint;Programdan çık
Export;Dışa Aktar
Export_Hint;Özelleştirilmiş biçimde dışa aktarır
Extensions;Genellikle kullanılan uzantılar
External_Media_NotMounted;Harici Medya Takılı Değil
Family;Aile
Fax;Faks
Feature_AdvancedMode;Gelişmiş Kip Özelliği
Feature_FilesCompare;Dosyaları Karşılaştır Özelliği
Feature_More;Daha Fazla Özellik
Feature_SelectView;Görünüm Seç Özelliği
Field;Alan
File size;Dosya boyutu
File;Dosya
File_Append;Mevcut dosyaya ekle (Uyarı : aynı parametlere sahip olmak için dikkatli olun)
File_Created_Date;Dosya oluşturma tarihi
File_Created_Date_Local;Dosya oluşturma tarihi (yerel)
File_Hint;Çalışmak için çokluortam dosyası seç
File_Modified_Date;Dosya son değiştirme tarihi
File_Modified_Date_Local;Dosya son değiştirme tarihi (yerel)
FileExtension;Dosya uzantısı
FileName;Dosya adı
FileNameExtension;Dosya adı uzantısı
FileSize;Dosya boyutu
Fill with a Dummy movie;Örnek bir filmle doldur
Fill with a realistic movie;Gerçekçi bir filmle doldur
FirstDisplay_Delay_Frames;İlk Gösterim Gecikmesi (Kare)
FirstDisplay_Type;İlk Gösterim Türü
FirstFrameOfAction;Aksiyonun İlk Karesi
FlatPanelTv;Düz Panel TV
FlowID;Akış Kimliği
Folder (R);Klasör (R)
Folder (R)_Hint;Çalışmak için klasör seç (yinelemeli tüm klasörler ile)
Folder (Recursively);Klasör (Yinelemeli)
Folder;Klasör
Folder_Hint;Çalışmak için klasör seç
FolderName;Klasör adı
Forced;Zorunlu
Format;Biçim
Format_AdditionalFeatures;Ek Biçim Özellikleri
Format_Commercial;Ticari adı
Format_Commercial_IfAny;Ticari adı
Format_Compression;Sıkıştırma Biçimi
Format_Description;Biçim açıklaması
Format_Info;Biçim için ayrıntılar
Format_Level;Biçim seviyesi
Format_Profile;Biçim profili
Format_Settings;Biçim ayarları
Format_Settings_BVOP;Biçim ayarları, BVOP
Format_Settings_CABAC;Biçim ayarları, CABAC
Format_Settings_Emphasis;Vurgu
Format_Settings_Endianness;Biçim ayarları, Endianess
Format_Settings_Firm;Biçim ayarları, Firm
Format_Settings_Floor;Biçim ayarları, Floor
Format_Settings_FrameMode;Kare kipi
Format_Settings_GMC;Biçim ayarları, GMC
Format_Settings_GOP;Biçim ayarları, GOP
Format_Settings_ITU;Biçim ayarları, ITU
Format_Settings_Law;Biçim ayarları, Law
Format_Settings_Matrix;Biçim ayarları, Matrix
Format_Settings_Matrix_Custom;Özel
Format_Settings_Matrix_Default;Varsayılan
Format_Settings_Mode;Kip
Format_Settings_ModeExtension;Kip uzantısı
Format_Settings_PacketBitStream;Biçim ayarları, Paket bit akışı
Format_Settings_PictureStructure;Biçim ayarları, resim yapısı
Format_Settings_PS;Biçim ayarları, PS
Format_Settings_Pulldown;Biçim ayarları, Pulldown
Format_Settings_QPel;Biçim ayarları, QPel
Format_Settings_RefFrames;Biçim ayarları, RefFrames
Format_Settings_SBR;Biçim ayarları, SBR
Format_Settings_Sign;Biçim ayarları, Sign
Format_Settings_SliceCount;Biçim Ayarları, Dilim Sayısı
Format_Settings_Wrapping;Biçim ayarları, kaydırma kipi
Format_Tier;Biçim katmanı
Format_Url;Biçim için web bağlantısı
Format_Version;Biçim sürümü
FormatDefinition;Biçim Tanımı
FpaManufacturer;FPA Üreticisi
FpaPass;FPA Pass
FpaVersion;FPA Sürümü
FrameCount;Kare sayısı
FrameCount_Source;Kaynak Kare Sayısı
FrameRate;Kare hızı
FrameRate_Den;Kare Hızı Paydası
FrameRate_Maximum;En fazla kare hızı
FrameRate_Minimum;En az kare hızı
FrameRate_Mode;Kare hızı kipi
FrameRate_Mode_CFR;Sabit
FrameRate_Mode_VFR;Değişken
FrameRate_Nominal;Düşük kare hızı
FrameRate_Num;Kare Hızı Payı
FrameRate_Original;Orijinal kare hızı
FrameRate_Real;Gerçek Kare Hızı
FullParsing;Tam Ayrıştırma
FullParsingTips;Tam Ayrıştırma İpuçları
Gallery;Galeri
General;Genel
GeneralCompliance;Genel Uyum
Genre;Tarz
Genre_000;Blues
Genre_001;Classic Rock
Genre_002;Country
Genre_003;Dans
Genre_004;Disko
Genre_005;Funk
Genre_006;Grunge
Genre_007;Hip-Hop
Genre_008;Jazz
Genre_009;Metal
Genre_010;New Age
Genre_011;Oldies
Genre_012;Other
Genre_013;Pop
Genre_014;R&B
Genre_015;Rap
Genre_016;Reggae
Genre_017;Rock
Genre_018;Techno
Genre_019;Industrial
Genre_020;Alternative
Genre_021;Ska
Genre_022;Death Metal
Genre_023;Pranks
Genre_024;Film Müziği
Genre_025;Euro-Techno
Genre_026;Ambient
Genre_027;Trip-Hop
Genre_028;Vocal
Genre_029;Jazz+Funk
Genre_030;Fusion
Genre_031;Trance
Genre_032;Klasik
Genre_033;Enstrümantal
Genre_034;Asit
Genre_035;House
Genre_036;Oyun
Genre_037;Ses Klibi
Genre_038;Gospel
Genre_039;Noise
Genre_040;AlternRock
Genre_041;Bass
Genre_042;Soul
Genre_043;Punk
Genre_044;Space
Genre_045;Meditative
Genre_046;Enstrümantal Pop
Genre_047;Enstrümantal Rock
Genre_048;Ethnik
Genre_049;Gothic
Genre_050;Darkwave
Genre_051;Techno-Industrial
Genre_052;Elektronik
Genre_053;Pop-Folk
Genre_054;Eurodance
Genre_055;Dream
Genre_056;Güney Rock
Genre_057;Komedi
Genre_058;Cult
Genre_059;Gangsta
Genre_060;Top 40
Genre_061;Christian Rap
Genre_062;Pop/Funk
Genre_063;Jungle
Genre_064;Native American
Genre_065;Cabaret
Genre_066;New Wave
Genre_067;Psychadelic
Genre_068;Rave
Genre_069;Showtunes
Genre_070;Trailer
Genre_071;Lo-Fi
Genre_072;Tribal
Genre_073;Acid Punk
Genre_074;Acid Jazz
Genre_075;Polka
Genre_076;Retro
Genre_077;Musical
Genre_078;Rock & Roll
Genre_079;Hard Rock
Genre_080;Folk
Genre_081;Folk-Rock
Genre_082;National Folk
Genre_083;Swing
Genre_084;Fast Fusion
Genre_085;Bebob
Genre_086;Latin
Genre_087;Revival
Genre_088;Celtic
Genre_089;Bluegrass
Genre_090;Avantgarde
Genre_091;Gothic Rock
Genre_092;Progressive Rock
Genre_093;Psychedelic Rock
Genre_094;Symphonic Rock
Genre_095;Slow Rock
Genre_096;Big Band
Genre_097;Chorus
Genre_098;Easy Listening
Genre_099;Acoustic
Genre_100;Humour
Genre_101;Speech
Genre_102;Chanson
Genre_103;Opera
Genre_104;Chamber Music
Genre_105;Sonata
Genre_106;Symphony
Genre_107;Booty Bass
Genre_108;Primus
Genre_109;Porn Groove
Genre_110;Satire
Genre_111;Slow Jam
Genre_112;Club
Genre_113;Tango
Genre_114;Samba
Genre_115;Folklore
Genre_116;Ballad
Genre_117;Power Ballad
Genre_118;Rhythmic Soul
Genre_119;Freestyle
Genre_120;Duet
Genre_121;Punk Rock
Genre_122;Drum Solo
Genre_123;A capella
Genre_124;Euro-House
Genre_125;Dance Hall
Genre_126;Goa
Genre_127;Davul & Bass
Genre_128;Club-House
Genre_129;Hardcore
Genre_130;Terror
Genre_131;Indie
Genre_132;Britpop
Genre_133;Negerpunk
Genre_134;Polsk Punk
Genre_135;Beat
Genre_136;Christian Gangsta Rap
Genre_137;Heavy Metal
Genre_138;Black Metal
Genre_139;Crossover
Genre_140;Contemporary Christian
Genre_141;Christian Rock
Genre_142;Merengue
Genre_143;Salsa
Genre_144;Trash Metal
Genre_145;Anime
Genre_146;JPop
Genre_147;Synthpop
Genre_148;Abstract
Genre_149;Art Rock
Genre_150;Baroque
Genre_151;Bhangra
Genre_152;Big Beat
Genre_153;Breakbeat
Genre_154;Chillout
Genre_155;Downtempo
Genre_156;Dub
Genre_157;EBM
Genre_158;Eclectic
Genre_159;Electro
Genre_160;Electroclash
Genre_161;Emo
Genre_162;Experimental
Genre_163;Garage
Genre_164;Genel
Genre_165;IDM
Genre_166;Illbient
Genre_167;Industro-Goth
Genre_168;Jam Band
Genre_169;Krautrock
Genre_170;Leftfield
Genre_171;Lounge
Genre_172;Math Rock
Genre_173;New Romantic
Genre_174;Nu-Breakz
Genre_175;Post-Punk
Genre_176;Post-Rock
Genre_177;Psytrance
Genre_178;Shoegaze
Genre_179;Space Rock
Genre_180;Trop Rock
Genre_181;World Music
Genre_182;Neoclassical
Genre_183;Audiobook
Genre_184;Audio Theatre
Genre_185;Neue Deutsche Welle
Genre_186;Podcast
Genre_187;Indie Rock
Genre_188;G-Funk
Genre_189;Dubstep
Genre_190;Garage Rock
Genre_191;Psybient
Go to WebSite;Web sitesine git
Gop_OpenClosed;GOP, Açık/Kapalı
Gop_OpenClosed_Closed;Kapalı
Gop_OpenClosed_FirstFrame;GOP, Açık/İlk karede kapalı
Gop_OpenClosed_Open;Açık
Graph;Grafik
Group;Grup
Grouping;Gruplama
GroupPreset;Grup Ön Ayarı
h; s
HDR_Format;HDR biçimi
Header file;Üst bilgi dosyası oluştur
Height;Yükseklik
Height_CleanAperture;Temiz diyafram yüksekliği
Height_Original;Orijinal yükseklik
Help;Yardım
HideOthers;Diğerlerini Gizle
Hint;İpucu
HomeTheaterAvr;Ev Sineması AVR
How many audio streams?;Kaç tane seslendirme akışı?
How many chapters streams?;Kaç tane bölüm akışı?
How many text streams?;Kaç tane yazı akışı?
How many video streams?;Kaç tane görüntü akışı?
HTML;HTML
ID;ID
IdentClockStart;Kimlik Saati Başlangıcı
IFrameInterval;I-Kare Aralığı
Image stream(s);Resim akışı
Image;Resim
Image_Codec_List;Kodek İmajı
ImageCount;Resim akışları sayısı
ImmersiveStereo;Sarmal Stereo
Info;Bilgi
Instruments;Enstrüman
IntegratedLoudness;Entegre Ses Yüksekliği
IntegratedLoudness_Level;Entegre Ses Yüksekliği Seviyesi
IntegratedLoudness_Speech;Entegre Ses Yüksekliği, Konuşma
InteractivityEnabled;Etkileşim Etkin
Interlaced_BFF;En Alt Alanın İlki
Interlaced_Interlaced;Karışık
Interlaced_PPF;Aşamalı
Interlaced_Progressive;Aşamalı
Interlaced_TFF;En Üst Alanın İlki
Interlacement;Karıştırma
Interleave_Duration;Boşluk, süre
Interleave_Preload;Boşluk, önyükleme süresi
Interleave_VideoFrames;Boşluk, süre
Interleaved;Boşluklu
InternetMediaType;Internet medya türü
IRCA;IRCA
ISBN;ISBN
ISRC;ISRC
IsStreamable;Akışlanabilir mi?
Keywords;Anahtar kelime
Known codecs;Bilinen kodekler
Known formats;Bilinen biçimler
Known parameters;Bilinen parametreler
Label;Etiket
Language;Dil
Language_aa;Afar
Language_ab;Abkhazian
Language_ae;Avestan
Language_af;Afrikaanca
Language_ak;Akan
Language_am;Amharic
Language_an;Aragonese
Language_ar;Arapça
Language_as;Assamese
Language_av;Avaric
Language_ay;Aymara
Language_az;Azeri
Language_ba;Bashkir
Language_be;Beyaz rusça
Language_bg;Bulgarca
Language_bh;Bihari
Language_bi;Bislama
Language_bm;Bambara
Language_bn;Bengali
Language_bo;Tibetan
Language_br;Breton
Language_bs;Boşnakça
Language_ca;Katalanca
Language_ce;Chechen
Language_ch;Chamorro
Language_cmn;Çince (Mandarin)
Language_co;Corsican
Language_cr;Cree
Language_cs;Çekçe
Language_cu;Slave
Language_cv;Chuvash
Language_cy;Welsh
Language_da;Danca
Language_de;Almanca
Language_dv;Divehi
Language_dz;Dzongkha
Language_ee;Ewe
Language_el;Yunanca
Language_en;İngilizce
Language_en-gb;İngilizce (UK)
Language_en-us;İngilizce (ABD)
Language_eo;Esperanto
Language_es;İspanyolca
Language_es-419;İspanyolca (Latin Amerika)
Language_et;Estonca
Language_eu;Basque
Language_fa;Farsça
Language_ff;Fulah
Language_fi;Fince
Language_fil;Filipince
Language_fj;Fijian
Language_fo;Faroese
Language_fr;Fransızca
Language_fy;Frisian
Language_ga;Irish
Language_gd;Gaelic
Language_gl;Galician
Language_gn;Guarani
Language_gu;Gujarati
Language_gv;Manx
Language_ha;Hausa
Language_he;İbranice
Language_hi;Hintçe
Language_ho;Hiri Motu
Language_hr;Hırvatça
Language_ht;Haitice
Language_hu;Macarca
Language_hy;Ermenice
Language_hy-az;Ermenice (Azerbaycan)
Language_hz;Herero
Language_ia;Yardımcı  Dil Derneği
Language_id;Endonezca
Language_ie;Interlingue
Language_ig;Igbo
Language_ii;Sichuan Yi
Language_ik;Inupiaq
Language_Info;Dil bilgisi
Language_io;Ido
Language_is;Icelandic
Language_it;İtalyanca
Language_iu;Inuktitut
Language_ja;Japonca
Language_jv;Javanese
Language_ka;Gürcüce
Language_kg;Kongo
Language_ki;Kikuyu
Language_kj;Kuanyama
Language_kk;Kazakh
Language_kl;Kalaallisut
Language_km;Khmer
Language_kn;Kannada
Language_ko;Korece
Language_kr;Kanuri
Language_ks;Kashmiri
Language_ku;Kürtçe
Language_kv;Komi
Language_kw;Cornish
Language_ky;Kirghiz
Language_la;Latince
Language_lb;Luxembourgish
Language_lg;Ganda
Language_li;Limburgish
Language_ln;Lingala
Language_lo;Lao
Language_lt;Lithuanian
Language_lu;Luba-Katanga
Language_lv;Latvian
Language_mg;Malagasy
Language_mh;Marshallese
Language_mi;Maori
Language_mis;Tanımlanmamış Dil
Language_mk;Macedonian
Language_ml;Malayalam
Language_mn;Mongolian
Language_mn-cn;Moğolca (Çin)
Language_mo;Moldavian
Language_More;Dil, daha fazla bilgi
Language_mr;Marathi
Language_ms;Malay
Language_ms-bn;Malayca (Brunei)
Language_mt;Maltese
Language_mul;Çoklu diller
Language_my;Burmese
Language_na;Nauru
Language_nb;Norveççe Bokmal
Language_nd;Ndebele
Language_ne;Nepali
Language_ng;Ndonga
Language_nl;Flemenkçe
Language_nl-be;Flemenkçe (Belçika)
Language_nn;Norveççe Bokmal
Language_no;Norveççe
Language_nr;Ndebele
Language_nv;Navaho
Language_ny;Nyanja
Language_oc;Occitan
Language_oj;Ojibwa
Language_om;Oromo
Language_or;Oriya
Language_os;Ossetic
Language_pa;Panjabi
Language_pi;Pali
Language_pl;Polonyaca
Language_ps;Pushto
Language_pt;Portekizce
Language_pt-br;Portekizce (Brezilya)
Language_qu;Quechua
Language_rm;Raeto-Romance
Language_rn;Rundi
Language_ro;Romance
Language_ru;Rusça
Language_rw;Kinyarwanda
Language_sa;Sanskrit
Language_sc;Sardinian
Language_sd;Sindhi
Language_se;Northern Sami
Language_sg;Sango
Language_si;Sinhalaca
Language_sk;Slovakça
Language_sl;Slovenian
Language_sm;Samoan
Language_smi;Sami Dili
Language_sn;Shona
Language_so;Somalica
Language_sq;Albanian
Language_sr;Sırpça
Language_ss;Swati
Language_st;Sotho
Language_su;Sundanese
Language_sv;Swedish
Language_sw;Swahili
Language_ta;Tamil
Language_te;Telugu
Language_tg;Tajik
Language_th;Tayca
Language_ti;Tigrinya
Language_tk;Türkmence
Language_tl;Tagalog
Language_tn;Tswana
Language_to;Tonga
Language_tr;Türkçe
Language_ts;Tsonga
Language_tt;Tatar
Language_tw;Twi
Language_ty;Tahitian
Language_ug;Uighur
Language_uk;Ukrainian
Language_und;Tanımlanmamış Dil
Language_ur;Urdu
Language_uz;Özbekçe
Language_ve;Venda
Language_vi;Vietnamca
Language_vo;Volapuk
Language_wa;Walloon
Language_wo;Wolof
Language_xh;Xhosa
Language_yi;Yiddish
Language_yo;Yoruba
Language_yue;Çince (Kanton)
Language_za;Zhuang
Language_zh;Çince
Language_zh-cmn;Çince (Mandarin)
Language_zh-CN;Çince (Çin)
Language_zh-cn;Çince (Çin)
Language_zh-Hans;Çince (Basitleştirilmiş)
Language_zh-Hant;Çince (Geleneksel)
Language_zh-TW;Çince (Tayvan)
Language_zh-tw;Çince (Tayvan)
Language_zh-yue;Çince (Kanton)
Language_zu;Zulu
Language_zxx;Dil İçeriği Yok
LanguageChanges;Dil Değişiklikleri
Languages;Diller
LawRating;Kanun oranı
LCCN;LCCN
LegacyStreamDisplay;Eski Akış Gösterimi
LfeAttenuationKnown;LFE Zayıflaması Biliniyor
LfeMixGain;LFE Karışım Kazancı
lfeon;lfeon
Library;Çoklama kütüphanesi
Lifetime_Subscribe_Button;Ömür Boyu Abone Ol Düğmesi
Lightness;Canlılık
Lines_Count;Satır Sayısı
Lines_MaxCountPerEvent;Olay Başına Maksimum Satır
LineUpStart;Sıra Başlangıcı
LinkedTo_Bed_Pos;Yatak Konumuna Bağlı
LinkedTo_ChannelFormat_Pos;Kanal Biçimi Konumuna Bağlı
LinkedTo_ComplementaryObject_Pos;Tamamlayıcı Nesne Konumuna Bağlı
LinkedTo_Content_Pos;İçerik Konumuna Bağlı
LinkedTo_Group_Pos;Grup Konumuna Bağlı
LinkedTo_Object_Pos;Nesne Konumuna Bağlı
LinkedTo_PackFormat_Pos;Paket Biçimi Konumuna Bağlı
LinkedTo_SignalGroup_Pos;Sinyal Grubu Konumuna Bağlı
LinkedTo_StreamFormat_Pos;Akış Biçimi Konumuna Bağlı
LinkedTo_Substream_Pos;Alt Akış Konumuna Bağlı
LinkedTo_TrackFormat_Pos;İz Biçimi Konumuna Bağlı
LinkedTo_TrackUID_Pos;İz UID Konumuna Bağlı
List;Liste
LongTermLoudness;Uzun Süreli Ses Yüksekliği
LoRoCenterMixGain;LoRo Merkez Karışım Kazancı
LoRoSurroundMixGain;LoRo Surround Karışım Kazancı
Loudness_Anchor;Ses Yüksekliği Çapası
Loudness_Anchor_Album;Ses Yüksekliği Çapası, Albüm
Loudness_Count;Ses Yüksekliği Sayısı
Loudness_Count_Album;Ses Yüksekliği Sayısı, Albüm
Loudness_MaximumMomentary;Maksimum Anlık Ses Yüksekliği
Loudness_MaximumMomentary_Album;Maksimum Anlık Ses Yüksekliği, Albüm
Loudness_MaximumOfRange;Aralığın Maksimumu
Loudness_MaximumOfRange_Album;Aralığın Maksimumu, Albüm
Loudness_MaximumShortTerm;Maksimum Kısa Süreli Ses Yüksekliği
Loudness_MaximumShortTerm_Album;Maksimum Kısa Süreli Ses Yüksekliği, Albüm
Loudness_ProductionMixingLevel;Yapım Karışım Seviyesi
Loudness_ProductionMixingLevel_Album;Yapım Karışım Seviyesi, Albüm
Loudness_Program;Program Ses Yüksekliği
Loudness_Program_Album;Program Ses Yüksekliği, Albüm
Loudness_Range;Ses Yüksekliği Aralığı
Loudness_Range_Album;Ses Yüksekliği Aralığı, Albüm
Loudness_RoomType;Oda Türü
Loudness_RoomType_Album;Oda Türü, Albüm
LtRtCenterMixGain;LtRt Merkez Karışım Kazancı
LtRtSurroundMixGain;LtRt Surround Karışım Kazancı
Lyricist;Söz yazarı
Lyrics;Şarkı Sözleri
MacCreatedBy;Mac Tarafından Oluşturuldu
Mastered_Date;Elden geçirildiği tarihi
MasteredBy;Elden geçiren
MasteringDisplay_ColorPrimaries;Ekran renk önceliklerini elden geçirme
MasteringDisplay_Luminance;Ekran parlaklığını elden geçirme
Matrix_Channel(s);Matriks kodlama, Kanal
Matrix_ChannelPositions;Matriks kodlama, kanal konumları
matrix_coefficients;Matriks katsayısı
matrix_coefficients_Source;Matriks Katsayıları, Kaynak
Matrix_Format;Matriks kodlama, biçim
MaxCLL;En Fazla İçerik Işık Seviyesi
MaxFALL;En Fazla Kare-Ortalama Işık Seviyesi
MaxGain;Maksimum Kazanç
MaximumMomentaryLoudness;Maksimum Anlık Ses Yüksekliği
MaxTruePeak;Maksimum Gerçek Tepe
MD5;MD5
MD5_Unencoded;MD5 Kodlanmamış
MediaInfo_About;MediaInfo, görüntü ve ses dosyaları hakkında teknik ve etiket bilgilerine kolay erişim sağlar.\r\nMac App Store grafik kullanıcı arayüzü dışında, açık kaynak kodlu yazılımdır, bu da çalışma özgürlüğüne sahip, geliştirmek ve programı yeniden dağıtmak için (BSD lisansı) son kullanıcıya ve geliştiricilere ücretsiz olduğu anlamına gelir.
MediaInfo_About_About;MediaInfo Hakkında
MediaInfo_WebSite;MediaInfo Web Sitesi
Menu stream(s);Menü akışları
Menu;Menü
Menu_Codec_List;Menü kodekleri
Menu_Hint;Daha fazla olasılık
Menu_No;Menü yok
MenuCount;Meni sayısı
MenuID;Menü ID
Metadata_Format;Üst Veri Biçimi
Metadata_Format_Type;Üst Veri Biçimi Türü
Metadata_MuxingMode;Üst Veri Çoklama Kipi
Minimize;Simge Durumuna Küçült
MixType;Karışım Türü
mn; dk
Mood;Mizaç
More;Daha
Movie;Film adı
ms; ms
MSDI;MSDI
MultipleStream;Çoklu Akış
MultiView_Count;Çoklu Görünüm Sayısı
MusicBy;Müziği yapan
MuxingMode;Çoklama kipi
MuxingMode_MoreInfo;Çoklama kipi, daha fazla bilgi
MuxingMode_PackedBitstream;Paketlenmiş bit akışı
Name;Adı
Nationality;Uyruk
NetworkName;Ağ adı
New;Yeni
Newest version;Yeni sürümleri denetle (Internet bağlantısı gerekir)
NewVersion_Menu;Yeni bir sürüm mevcut
NewVersion_Question_Content;Yeni sürüm (s%Version%) mevcut, indirmek ister misiniz?
NewVersion_Question_Title;Yeni bir sürüm yayımlandı!
No;Hayır
Not yet;Henüz yok
NumberOfChannelFormats;Kanal Biçimleri Sayısı
NumberOfContents;İçerik Sayısı
NumberOfDynamicObjects;Değişken nesneler sayısı
NumberOfElementaryStreams;Temel Akış Sayısı
NumberOfObjects;Nesne Sayısı
NumberOfPackFormats;Paket Biçimleri Sayısı
NumberOfPresentations;Sunum Sayısı
NumberOfProgrammes;Program Sayısı
NumberOfStreamFormats;Akış Biçimleri Sayısı
NumberOfSubstreams;Alt Akış Sayısı
NumberOfTrackFormats;İz Biçimleri Sayısı
NumberOfTrackUIDs;İz UID Sayısı
NumColors;Renk sayısı
Object;Nesne
ObjectCount;Nesne Sayısı
OK;TAMAM
One output file per input file;Girdi dosyası başına bir çıktı dosyası
OnlyDiffer;Yalnızca Farklı Olanlar
OnlyIdentical;Yalnızca Aynı Olanlar
Open;Aç
OpenCaptionsLanguage;Açık Açıklamalı Alt Yazı Dili
OpenCaptionsPresent;Açık Açıklamalı Alt Yazı Sunumu
OpenCaptionsType;Açık Açıklamalı Alt Yazı Türü
OpenFile;Dosya Aç
OpenFileError;Dosya Açma Hatası
OpenRecent;Son Kullanılanlar
Options;Seçenekler
Options_Hint;Tercihler
Original;Orijinal
OriginalNetworkName;Orijinal ağ adı
OriginalSourceForm;Orijinal kaynak biçimi
OriginalSourceMedium;Orijinal kaynak ortamı
OriginalSourceMedium_ID;Orijinal kaynak ortamındaki ID
Originator;Oluşturan
Other;Diğer
OtherIdentifier;Diğer Tanımlayıcı
OtherIdentifierType;Diğer Tanımlayıcı Türü
OtherViews;Diğer Görünümler
Output format;Çıktı biçimi
Output;Çıktı
OverallBitRate;Kapsamlı bit hızı
OverallBitRate_Maximum;En Fazla Kapsamlı bit hızı
OverallBitRate_Minimum;En Az Kapsamlı bit hızı
OverallBitRate_Mode;Kapsamlı bit hızı kipi
OverallBitRate_Nominal;Düşük Kapsamlı bit hızı
OverallBitRate_Precision_Max;Kapsamlı Bit Hızı Hassasiyeti, Maks
OverallBitRate_Precision_Min;Kapsamlı Bit Hızı Hassasiyeti, Min
PackageName;Paket adı
PackFormat;Paket Biçimi
Part;Parça
Part_Count;Toplam sayı
PartialParsing;Kısmi Ayrıştırma
PartNumber;Parça Numarası
PartTotal;Parça Toplamı
Performer;Sanatçı
Period;Dönem
Phase90FilterInfo;90 Derece Filtre Bilgisi
Phase90FilterInfo2ch;90 Derece Filtre Bilgisi, 2 Kanal
Phone;Telefon
PictureRatio;Resim Oranı
PixelAspectRatio;Piksel en-boy oranı
PixelAspectRatio_CleanAperture;Temiz diyafram piksel en-boy oranı
PixelAspectRatio_Original;Orijinal piksel en-boy oranı
PlayCounter;Oynatma Sayacı
Played_Count;Oynatma sayısı
Played_First_Date;İlk oynatma
Played_Last_Date;Son oynatma
PlayTime;Oynatma Süresi
PodcastCategory;Podcast kategorisi
PortableHeadphones;Taşınabilir Kulaklıklar
PortableSpeakers;Taşınabilir Hoparlörler
Position;Konum
Position_Cartesian;Kartezyen Konum
Position_Polar;Kutupsal Konum
Position_Total;Toplam
Preferences;Tercihler
PreferredDownmix;Tercih Edilen Downmix
Premium;Premium
Premium_Feature;Premium Özellik
Premium_Summary;Premium Özet
PreselectionLabel;Ön Seçim Etiketi
Presentation;Sunum
PresentationConfig;Sunum Yapılandırması
PresentationConfig_ContentClassifier;Sunum Yapılandırması, İçerik Sınıflandırıcı
PresentationID;Sunum Kimliği
PresentationLevel;Sunum Seviyesi
PreviousDownmixType5ch;Önceki 5 Kanal Downmix Türü
PreviousMixType2ch;Önceki 2 Kanal Karışım Türü
PrimaryAudioLanguage;Birincil Ses Dili
Producer;Yapımcı
ProductionDesigner;Üretim tasarımcısı
ProductionNumber;Üretim Numarası
ProductionStudio;Üretim stüdyosu
ProductPlacement;Ürün Yerleştirme
Program name;Program Adı
Programme;Program
ProgrammeHasText;Programda Metin Var
ProgrammeTextLanguage;Program Metin Dili
ProgrammeTitle;Program Başlığı
Publisher;Yayıncı
Purchased_Date;satın alma tarihi
PurchaseInformation;Satın Alma Bilgisi
Quote character;Alıntı bölümü
RadioStation;Radyo istasyonu
Rating;İzlenme oranı
RealtimeLoudnessCorrected;Gerçek Zamanlı Ses Yüksekliği Düzeltildi
Recorded_Date;Kaydedildiği tarih
Recorded_Location;Kaydedildiği yer
Reel;Makara
Released_Date;Yayım tarihi
RemixedBy;Remiksleyen
RenderMode;İşleme Kipi
Renew;Yenile
ReplayGain_Gain;Tekrar oynatma kazancı
ReplayGain_Peak;Tekrar oynatma kazancı ucu
Report;Rapor
ReportBy;Raporlayan
Resolution;Çözünürlük
RestoreLifetimeSubscription;Ömür Boyu Aboneliği Geri Yükle
Retry;Yeniden Dene
s; s
Sampled_Height;Örneklenen Yükseklik
Sampled_Width;Örneklenen Genişlik
SamplePeakLevel;Örnek Tepe Seviyesi
SamplePeakLevel_Album;Örnek Tepe Seviyesi, Albüm
SamplesPerFrame;Kare başına örnek
SamplingCount;Örnek sayısı
SamplingCount_Source;Kaynak Örnek Sayısı
SamplingRate;Örnekleme hızı
Save;Kaydet
ScanOrder;Tarama sırası
ScanOrder_Original;Orijinal tarama sırası
ScanOrder_Stored;Saklanan tarama sırası
ScanOrder_StoredDisplayedInverted;Tarama sırası, ters çevrilmiş saklanan/görüntülenen sıra
ScanOrder_StoreMethod;Tarama sırası, saklama yöntemi
ScanType;Tarama türü
ScanType_Original;Orijinal tarama türü
ScanType_StoreMethod;Tarama türü, saklama yöntemi
ScreenplayBy;Senaryo
ScreenToCenter;Ekranı Ortala
ScreenToFront;Ekranı Öne Getir
Season;Sezon
SecondaryAudioLanguage;İkincil Ses Dili
see below;aşağı bakın
Select your directory;Dizininizi seçin
SelectAll;Tümünü Seç
Send HeaderFile;Lütfen Header dosyasını buraya gönderin : http://sourceforge.net/projects/mediainfo/ (Bug bölümü)
Separator_Columns;sütun ayırıcı
Separator_Lines;satır ayırıcı
SeriesTitle;Dizi Başlığı
ServiceChannel;Hizmet kanal numarası
ServiceKind;Hizmet çeşidi
ServiceName;Hizmet adı
ServiceProvider;Hizmet sağlayıcısı
Services;Servisler
ServiceType;Hizmet türü
Set;Ayar
Set_Count;Ayar sayısı
Setup;Ayar
Sharpness;Keskinlik
Sheet (Complete);Sayfa (Tam)
Sheet;Sayfa
Shell extension, folder;Klasörler için de
Shell extension, separate instance;Gezgin uzantısı, ayrı örnek
Shell extension;Gezgin uzantısı (Windows Gezgini'nde, bir dosyaya sağ tuşla tıklamada, MediaInfo seçeneği olacaktır)
Shell InfoTip;Gezgin Araç İpucu (Windows Gezgini'nde, fare dosya üzerine hareket ettirildiğinde, bilgi görüntülenecektir)
ShimName;Dolgu Adı
ShimVersion;Dolgu Sürümü
Show menu;Menüyü göster
Show toolbar;Araç çubuğunu göster
Show;Göster
ShowAll;Tümünü göster
ShowMore;Daha Fazla Göster
SignalGroup;Sinyal Grubu
SigningPresent;İşaretle Sunum
SignLanguage;İşaret Dili
Sort;Sıralayan
SoundCategory;Ses Kategorisi
SoundEngineer;Ses teknisyeni
Source;Kaynak
Source_Duration;Kaynak süresi
Source_FrameCount;Kaynak kare sayısı
Source_SamplingCount;Kaynak örnek sayısı
Source_StreamSize;Kaynak akış boyutu
Source_StreamSize_Encoded;Kaynak kodlanmış akış boyutu
SpokenSubtitles;Sözlü Altyazı
Standard;Standart
Stored_Height;Saklanan Yükseklik
StoreMethod_InterleavedFields;Boşluklu alanlar
StoreMethod_SeparatedFields;Ayrılmış alanlar
StoreMethod_SeparatedFields_1;Ayrılmış alanlar (blok başına 1 alan)
StoreMethod_SeparatedFields_2;Ayrılmış alanlar (blok başına 2 alan)
Stream;Akış
Stream_MoreInfo;Akış hakkında daha fazla bilgi
StreamCount;Bu çeşidin akış sayısı
StreamFormat;Akış Biçimi
StreamID;Akış ID
streamIdentifier;Akış Tanımlayıcı
StreamKind;Akış çeşidi
StreamKindID;Akış tanımlayıcısı
StreamKindPos;Akış tanımlayıcısı
StreamOrder;Akış Sırası
Streams;Akışlar
StreamSize;Akış boyutu
StreamSize_Demuxed;Çoklama ayrıldığındaki akış boyutu
StreamSize_Encoded;Kodlanmış akış boyutu
StreamSize_Proportion;Bu akışın oranı
Subject;Konu
Subscribe;Abone Ol
Subscribe_Button;Abone Ol Düğmesi
Subscribe_Failed;Abonelik Başarısız
Subscribe_Manage;Aboneliği Yönet
Subscribe_Premium;Premium Abone Ol
Subscribe_Renew;Aboneliği Yenile
Subscribe_Renew_Price;Yenileme Fiyatı
Subscribe_Unaviable;Abonelik Mevcut Değil
Subscribe_Waiting;Abonelik Bekleniyor
Subscription_Active;Abonelik Aktif
Subscription_Android;Android Aboneliği
Subscription_Ended;Abonelik Sona Erdi
Subscription_Expired;Abonelik Süresi Doldu
Subscription_Lifetime;Ömür Boyu Abonelik
Subscription_Thanks;Abonelik İçin Teşekkürler
Substream;Alt Akış
SubTrack;Altİz
SubtstreamIdChannel;Alt Akış Kanal Kimliği
Summary;Özet
Supported formats;Desteklenen biçimler
Supported?;Desteklenen mi?
SupportUs;Bizi Destekleyin
SupportUs2;Bizi Destekleyin 2
surmixlev;surmixlev
SurroundAttenuationKnown;Surround Zayıflaması Biliniyor
SwitchGroup;Grup Değiştir
Synopsis;Özet
SystemId;Id
Tagged_Application;Etiketleme uygulaması
Tagged_Date;Etiketleme tarihi
TargetDeviceConfig;Hedef Cihaz Yapılandırması
Technician;Teknisyen
TermsOfUse;Kullanım şarları
TertiaryAudioLanguage;Üçüncül Ses Dili
TestContinuousFileNames;Sürekli Dosya Adlarını Test Et
Text - Custom;Metin - Özel
Text (HTML);Metin (HTML)
Text stream(s);Yazı akışı
Text streams;Yazı akışı
Text;Metin
Text_Codec_List;Yazı kodekleri
Text_Format_List;Metin Biçimleri Listesi
Text_Format_WithHint_List;İpucu ile Metin Biçimleri Listesi
Text_Language_List;Metin Dilleri Listesi
Text_No;Yazı yok
Text1;Birinci altyazı
Text2;İkinci altyazı
Text3;Üçüncü altyazı
TextCount;Altyazı sayısı
TextlessElementsExist;Metinsiz Öğeler Mevcut
ThanksTo;Teşekkürler
Thousands separator;Binlik basamak ayırıcı
TimeCode;Zaman kodu
TimeCode_FirstFrame;İlk karenin zaman kodu
TimeCode_LastFrame;Son Kare Zaman Kodu
TimeCode_MaxFrameNumber;Maksimum Kare Numarası
TimeCode_MaxFrameNumber_Theory;Maksimum Kare Numarası (Teorik)
TimeCode_Settings;Zaman kodu ayarları
TimeCode_Source;Zaman kodu kaynağı
TimeCode_Stripped;Zaman kodu, şeritli
TimeStamp;Zaman damgası
TimeZone;Saat dilimi
Title;Başlık
Title_More;Başlık, daha fazla bilgi
Top4ToTop2;Üst4'ten Üst2'ye
TopBackToFront;Üst Arka'dan Ön'e
TopBackToSide;Üst Arka'dan Yan'a
TopFrontToBack;Üst Ön'den Arka'ya
TopFrontToFront;Üst Ön'den Ön'e
TopFrontToSide;Üst Ön'den Yan'a
Total;Toplam
TotalNumberOfParts;Parçaların Toplam Sayısı
TotalProgrammeDuration;Toplam Program Süresi
TraceLevel0;İzleme Seviyesi 0
TraceLevel5;İzleme Seviyesi 5
TraceLevel9;İzleme Seviyesi 9
TraceLevel10;İzleme Seviyesi 10
Track;Parça adı
Track_Count;Parça sayısı
TrackFormat;İz Biçimi
TrackIndex;İz İndeksi
TrackUID;İz UID
transfer_characteristics;Aktarım nitelikleri
transfer_characteristics_Source;Aktarım Nitelikleri, Kaynak
Translate_Reports;Raporları Çevir
Translator;Çevirmen
Transport;Taşıma
Tree & Text;Ağaç ve Metin
Tree;Ağaç
Trim_Center;Kırpma, Merkez
Trim_Height;Kırpma, Yükseklik
Trim_Surround;Kırpma, Surround
TrimMode;Kırpma Kipi
TrimMode0i;Kırpma Kipi 0i
TrimMode1i;Kırpma Kipi 1i
TrimMode2i;Kırpma Kipi 2i
TrimMode3i;Kırpma Kipi 3i
TrimMode4i;Kırpma Kipi 4i
TrimMode5i;Kırpma Kipi 5i
TrimMode6i;Kırpma Kipi 6i
TrimMode7i;Kırpma Kipi 7i
TrimMode8i;Kırpma Kipi 8i
TruePeakLevel;Gerçek Tepe Seviyesi
TruePeakLevel_Album;Gerçek Tepe Seviyesi, Albüm
Type;Tür
Type_Composer;Tür, Besteci
Type_Conductor;Tür, Orkestra Şefi
Type_Cover;Tür, Kapak
Type_Cover_Back;Tür, Kapak Arkası
Type_Cover_Media;Tür, Kapak Medyası
Type_DuringPerformance;Tür, Performans Sırasında
Type_DuringRecording;Tür, Kayıt Sırasında
Type_FileIcon;Tür, Dosya Simgesi
Type_FileIcon_32x32;Tür, Dosya Simgesi 32x32
Type_Illustration;Tür, Çizim
Type_LeafletPage;Tür, Broşür Sayfası
Type_Lyricist;Tür, Söz Yazarı
Type_Performer;Tür, Sanatçı
Type_Performer_Lead;Tür, Baş Sanatçı
Type_PerformerLogo;Tür, Sanatçı Logosu
Type_Picture;Tür, Resim
Type_PublisherLogo;Tür, Yayıncı Logosu
Type_RecordingLocation;Tür, Kayıt Yeri
Type_ScreenCapture;Tür, Ekran Görüntüsü
Type_Thumbnail;Tür, Küçük Resim
TypeDefinition;Tür Tanımı
UniqueID;Benzersiz ID
UniversalAdID;Evrensel Ad ID
UniversalAdID_Registry;Evrensel Ad ID kayıt defteri
UniversalAdID_Value;Evrensel Ad ID değeri
Unknown;Bilinmiyor
Url;Url
Value;Değer
Video stream(s);Görüntü akış(lar)ı
Video;Görüntü
Video_Codec_List;Görüntü kodekleri
Video_Delay;Görüntü gecikmesi
Video_Format_List;Video Biçimleri Listesi
Video_Format_WithHint_List;İpucu ile Video Biçimleri Listesi
Video_Language_List;Video Dilleri Listesi
Video_No;Görüntü yok
Video0_Delay;Görüntü0 gecikmesi
Video1;Birinci hareketli görüntü
Video2;İkinci Video
Video3;Üçüncü Video
VideoComments;Görüntü Açıklamaları
VideoCount;Hareketli görüntü sayısı
View;Görünüm
View_Hint;Görünüm bilgilerinin anlamını değiştirir
Views;Görünümler
Warning : more streams in the files;Uyarı : Dosyalarda fazla akış var
Web;Web
WebSite;Web Sitesi
WebSite_Audio;Bu ses kodek'inin web sitesine git
WebSite_Audio_More;Bu ses kodek'ini bulmak için (%Url%) web sitesine git
WebSite_General;Bu dosya için oynatıcının sitesine git
WebSite_General_More;Bu dosya için oynatıcının sitesine git
WebSite_Text;Bu yazı kodek'inin web sitesine git
WebSite_Text_More;Bu yazı ses kodek'ini bulmak için (%Url%) web sitesine git
WebSite_Url;http://MediaArea.net/MediaInfo
WebSite_Video;Bu görüntü kodek'inin web sitesine git
WebSite_Video_More;Bu görüntü kodek'ini bulmak için (%Url%) web sitesine git
Width;Genişlik
Width_CleanAperture;Temiz diyafram genişliği
Width_Original;Orijinal genişlik
Window;Pencere
WriteMe;Bana yazın
WriteToTranslator;Çevirmene yazın
Written_Date;Yazıldığı tarih
Written_Location;Yazıldığı yer
WrittenBy;Yazan
Yes;Evet
Your system;Sisteminiz
Your translation;Çeviriniz
Zoom;Büyült/Küçült
ZZ_Automatic_Percent;73
ZZ_AutomaticLanguage_Percent;74
